user_id,cycle_index,cycle_length,age_group
demo-regular,0,28,25-34
demo-regular,1,27,25-34
demo-regular,2,29,25-34
demo-regular,3,29,25-34
demo-regular,4,26,25-34
demo-regular,5,26,25-34
demo-regular,6,28,25-34
demo-regular,7,28,25-34
demo-regular,8,28,25-34
demo-regular,9,27,25-34
demo-irregular,0,35,18-24
demo-irregular,1,35,18-24
demo-irregular,2,31,18-24
demo-irregular,3,37,18-24
demo-irregular,4,33,18-24
demo-irregular,5,27,18-24
demo-irregular,6,33,18-24
demo-irregular,7,26,18-24
demo-irregular,8,35,18-24
demo-irregular,9,31,18-24
demo-short,0,25,25-34
demo-short,1,24,25-34
demo-short,2,27,25-34
demo-short,3,25,25-34
demo-short,4,24,25-34
demo-short,5,24,25-34
demo-short,6,26,25-34
demo-short,7,26,25-34
demo-short,8,26,25-34
demo-short,9,26,25-34
demo-long,0,42,35-44
demo-long,1,35,35-44
demo-long,2,34,35-44
demo-long,3,34,35-44
demo-long,4,38,35-44
demo-long,5,39,35-44
demo-long,6,36,35-44
demo-long,7,33,35-44
demo-long,8,34,35-44
demo-long,9,38,35-44
